{"resnet34": {"cifar10": {"softmax": {"max_acc": 0.60965, "threshold": 0.9977596998214722}, "etro": {"max_acc": 0.609, "threshold": -0.021963229402899742}, "modentro": {"max_acc": 0.6173, "threshold": -2.4318695068359375e-05}, "loss": {"max_acc": 0.61725, "threshold": -0.004359147977083921}}, "cifar100": {"softmax": {"max_acc": 0.77045, "threshold": 0.9745363593101501}, "etro": {"max_acc": 0.7693, "threshold": -0.22013235092163086}, "modentro": {"max_acc": 0.7829, "threshold": -0.0019989013671875}, "loss": {"max_acc": 0.78235, "threshold": -0.0428120493888855}}, "tinyimagenet": {"softmax": {"max_acc": 0.89435, "threshold": 0.9695436358451843}, "etro": {"max_acc": 0.891, "threshold": -0.24537496268749237}, "modentro": {"max_acc": 0.9003, "threshold": -0.001779317855834961}, "loss": {"max_acc": 0.89955, "threshold": -0.03794684633612633}}}, "vgg16": {"cifar10": {"softmax": {"max_acc": 0.61255, "threshold": 0.9985809326171875}, "etro": {"max_acc": 0.61215, "threshold": -0.011597528122365475}, "modentro": {"max_acc": 0.6218, "threshold": -5.245208740234375e-06}, "loss": {"max_acc": 0.6216, "threshold": -0.0018848287872970104}}, "cifar100": {"softmax": {"max_acc": 0.75195, "threshold": 0.989482045173645}, "etro": {"max_acc": 0.7516, "threshold": -0.08824557065963745}, "modentro": {"max_acc": 0.7793, "threshold": -0.0010967254638671875}, "loss": {"max_acc": 0.77925, "threshold": -0.023607837036252022}}, "tinyimagenet": {"softmax": {"max_acc": 0.91645, "threshold": 0.9524933695793152}, "etro": {"max_acc": 0.913, "threshold": -0.32602614164352417}, "modentro": {"max_acc": 0.92365, "threshold": -0.004525661468505859}, "loss": {"max_acc": 0.9229, "threshold": -0.06094803288578987}}}, "mobilenetv2": {"cifar10": {"softmax": {"max_acc": 0.57935, "threshold": 0.9966122508049011}, "etro": {"max_acc": 0.5788, "threshold": -0.022550512105226517}, "modentro": {"max_acc": 0.58775, "threshold": -0.0004940032958984375}, "loss": {"max_acc": 0.5875, "threshold": -0.02036869153380394}}, "cifar100": {"softmax": {"max_acc": 0.6939, "threshold": 0.9192230701446533}, "etro": {"max_acc": 0.69155, "threshold": -0.31302669644355774}, "modentro": {"max_acc": 0.72255, "threshold": -0.023541927337646484}, "loss": {"max_acc": 0.7224, "threshold": -0.16654260456562042}}, "tinyimagenet": {"softmax": {"max_acc": 0.82515, "threshold": 0.8850345611572266}, "etro": {"max_acc": 0.81665, "threshold": -0.5999271869659424}, "modentro": {"max_acc": 0.8475, "threshold": -0.033533573150634766}, "loss": {"max_acc": 0.8461, "threshold": -0.18107567727565765}}}}